{
  "scenario_name": "DataCentre-Alpha",
  "grid_capacity": 150,
  "load_shift_fraction": 0.1,
  "pue": 1.34,
  "wue": 0.012,
  "total_cost_aud_pa": 58374817.91105611,
  "gen_capacity_mw": 1000.0,
  "link_capacity_mw": 150.0,
  "store_capacity_mwh": 1000000000.0,
  "dispatch_mwh_gen_nem": 0.0,
  "dispatch_mwh_gen_water_supply": 1138759.3411764707,
  "dispatch_mwh_gen_gas_supply": 1615567.0588235296,
  "dispatch_mwh_gen_ppa_solar_farm": 55188.25919223967,
  "dispatch_mwh_gen_ppa_wind_farm": 225.89465391418443,
  "dispatch_mwh_link_grid_connection": 55414.15384615385,
  "dispatch_mwh_link_facility_to_compute": 877968.0000000001,
  "dispatch_mwh_link_ccgt": 1615567.0588235296
}